id,test_name,category,sample_type,fasting_required,normal_range,unit,price_inr,report_time,is_active
1,Hemoglobin (Hb),Hematology,Blood,No,"13-17 (Male), 12-15 (Female)",g/dL,180,24 Hours,TRUE
2,Complete Blood Count (CBC),Hematology,Blood,No,Varies,-,1437,24 Hours,TRUE
3,Total WBC Count,Hematology,Blood,No,4000-11000,cells/mcL,1505,48 Hours,TRUE
4,Differential WBC Count,Hematology,Blood,No,Varies,%,953,Same Day,TRUE
5,Platelet Count,Hematology,Blood,No,150000-450000,cells/mcL,286,48 Hours,TRUE
6,ESR,Hematology,Blood,No,0-20,mm/hr,1593,48 Hours,TRUE
7,Blood Glucose Fasting,Biochemistry,Blood,Yes,70-99,mg/dL,1823,48 Hours,TRUE
8,Blood Glucose PP,Biochemistry,Blood,No,<140,mg/dL,393,Same Day,TRUE
9,HbA1c,Biochemistry,Blood,No,<5.7,%,1339,Same Day,TRUE
10,Lipid Profile,Biochemistry,Blood,Yes,Varies,mg/dL,371,48 Hours,TRUE
11,Liver Function Test (LFT),Biochemistry,Blood,No,Varies,-,1397,48 Hours,TRUE
12,Kidney Function Test (KFT),Biochemistry,Blood,No,Varies,-,574,48 Hours,TRUE
13,TSH,Thyroid,Blood,No,0.4-4.0,mIU/L,297,Same Day,TRUE
14,T3,Thyroid,Blood,No,80-200,ng/dL,701,48 Hours,TRUE
15,T4,Thyroid,Blood,No,05-Dec,µg/dL,928,48 Hours,TRUE
16,Urine Routine Examination,Urine Analysis,Urine,No,Normal,-,1813,48 Hours,TRUE
17,Urine Culture,Urine Analysis,Urine,No,No Growth,-,312,Same Day,TRUE
18,Urine Protein,Urine Analysis,Urine,No,<150,mg/day,631,24 Hours,TRUE
19,Urine Creatinine,Urine Analysis,Urine,No,Varies,mg/dL,348,48 Hours,TRUE
20,Stool Routine,Stool Analysis,Stool,No,Normal,-,1533,48 Hours,TRUE
21,Stool Culture,Stool Analysis,Stool,No,No Pathogen,-,208,24 Hours,TRUE
22,Occult Blood Test,Stool Analysis,Stool,No,Negative,-,1929,48 Hours,TRUE
23,Salivary Cortisol,Hormonal,Saliva,No,Varies,ng/mL,1256,Same Day,TRUE
24,Saliva Drug Test,Toxicology,Saliva,No,Negative,-,417,24 Hours,TRUE
25,Saliva COVID-19 PCR,Microbiology,Saliva,No,Negative,-,431,Same Day,TRUE
26,Semen Analysis,Reproductive,Semen,No,Varies,-,240,Same Day,TRUE
27,CSF Analysis,Neurology,CSF,No,Normal,-,931,48 Hours,TRUE
28,Hormonal Test 28,Hormonal,Blood,Yes,Varies,%,1215,48 Hours,TRUE
29,Electrolytes Test 29,Electrolytes,Blood,Yes,Varies,mg/dL,1433,72 Hours,TRUE
30,Reproductive Test 30,Reproductive,Semen,Yes,Varies,U/L,2497,24 Hours,TRUE
31,Hematology Test 31,Hematology,Blood,No,Varies,mg/dL,3046,72 Hours,TRUE
32,Urine Analysis Test 32,Urine Analysis,Urine,Yes,Varies,-,2894,72 Hours,TRUE
33,Tumor Marker Test 33,Tumor Marker,Blood,Yes,Varies,U/L,1457,24 Hours,TRUE
34,Hormonal Test 34,Hormonal,Blood,No,Varies,-,739,72 Hours,TRUE
35,Urine Analysis Test 35,Urine Analysis,Urine,Yes,Varies,IU/L,1168,48 Hours,TRUE
36,Biochemistry Test 36,Biochemistry,Blood,No,Varies,ng/mL,2324,48 Hours,TRUE
37,Immunology Test 37,Immunology,Blood,No,Varies,-,1924,48 Hours,TRUE
38,Cardiac Marker Test 38,Cardiac Marker,Blood,Yes,Varies,-,1161,48 Hours,TRUE
39,Stool Analysis Test 39,Stool Analysis,Stool,No,Varies,mg/dL,2114,48 Hours,TRUE
40,Tumor Marker Test 40,Tumor Marker,Blood,Yes,Varies,%,2992,Same Day,TRUE
41,Cardiac Marker Test 41,Cardiac Marker,Blood,Yes,Varies,%,387,24 Hours,TRUE
42,Stool Analysis Test 42,Stool Analysis,Stool,Yes,Varies,mg/dL,3094,Same Day,TRUE
43,Toxicology Test 43,Toxicology,Urine,Yes,Varies,-,2623,Same Day,TRUE
44,Reproductive Test 44,Reproductive,Semen,No,Varies,ng/mL,896,48 Hours,TRUE
45,Immunology Test 45,Immunology,Blood,No,Varies,ng/mL,1171,24 Hours,TRUE
46,Microbiology Test 46,Microbiology,Blood,No,Varies,ng/mL,1985,48 Hours,TRUE
47,Coagulation Test 47,Coagulation,Blood,No,Varies,U/L,1765,Same Day,TRUE
48,Reproductive Test 48,Reproductive,Semen,Yes,Varies,mg/dL,1307,24 Hours,TRUE
49,Immunology Test 49,Immunology,Blood,Yes,Varies,IU/L,2648,48 Hours,TRUE
50,Electrolytes Test 50,Electrolytes,Blood,No,Varies,%,1387,24 Hours,TRUE
51,Urine Analysis Test 51,Urine Analysis,Urine,No,Varies,-,499,24 Hours,TRUE
52,Hematology Test 52,Hematology,Blood,Yes,Varies,-,762,48 Hours,TRUE
53,Microbiology Test 53,Microbiology,Blood,Yes,Varies,IU/L,2715,24 Hours,TRUE
54,Toxicology Test 54,Toxicology,Urine,No,Varies,IU/L,3054,72 Hours,TRUE
55,Electrolytes Test 55,Electrolytes,Blood,Yes,Varies,IU/L,1874,24 Hours,TRUE
56,Urine Analysis Test 56,Urine Analysis,Urine,No,Varies,ng/mL,933,48 Hours,TRUE
57,Toxicology Test 57,Toxicology,Urine,Yes,Varies,%,832,48 Hours,TRUE
58,Reproductive Test 58,Reproductive,Semen,No,Varies,mg/dL,208,48 Hours,TRUE
59,Coagulation Test 59,Coagulation,Blood,No,Varies,U/L,1404,24 Hours,TRUE
60,Reproductive Test 60,Reproductive,Semen,Yes,Varies,%,3294,24 Hours,TRUE
61,Immunology Test 61,Immunology,Blood,Yes,Varies,%,2025,48 Hours,TRUE
62,Toxicology Test 62,Toxicology,Saliva,No,Varies,%,2438,72 Hours,TRUE
63,Toxicology Test 63,Toxicology,Saliva,No,Varies,U/L,1649,24 Hours,TRUE
64,Cardiac Marker Test 64,Cardiac Marker,Blood,Yes,Varies,ng/mL,1553,72 Hours,TRUE
65,Stool Analysis Test 65,Stool Analysis,Stool,No,Varies,%,1122,24 Hours,TRUE
66,Urine Analysis Test 66,Urine Analysis,Urine,No,Varies,U/L,1645,48 Hours,TRUE
67,Microbiology Test 67,Microbiology,Blood,Yes,Varies,ng/mL,2354,Same Day,TRUE
68,Hematology Test 68,Hematology,Blood,No,Varies,IU/L,1954,72 Hours,TRUE
69,Toxicology Test 69,Toxicology,Saliva,No,Varies,mg/dL,2103,Same Day,TRUE
70,Immunology Test 70,Immunology,Blood,No,Varies,IU/L,2540,24 Hours,TRUE
71,Toxicology Test 71,Toxicology,Saliva,No,Varies,U/L,261,24 Hours,TRUE
72,Hematology Test 72,Hematology,Blood,No,Varies,U/L,1391,Same Day,TRUE
73,Urine Analysis Test 73,Urine Analysis,Urine,No,Varies,ng/mL,2513,48 Hours,TRUE
74,Stool Analysis Test 74,Stool Analysis,Stool,Yes,Varies,IU/L,1254,72 Hours,TRUE
75,Microbiology Test 75,Microbiology,Blood,Yes,Varies,mg/dL,2807,24 Hours,TRUE
76,Microbiology Test 76,Microbiology,Blood,No,Varies,IU/L,3124,48 Hours,TRUE
77,Tumor Marker Test 77,Tumor Marker,Blood,Yes,Varies,ng/mL,983,24 Hours,TRUE
78,Immunology Test 78,Immunology,Blood,Yes,Varies,IU/L,3133,48 Hours,TRUE
79,Coagulation Test 79,Coagulation,Blood,Yes,Varies,mg/dL,3036,24 Hours,TRUE
80,Cardiac Marker Test 80,Cardiac Marker,Blood,Yes,Varies,U/L,3107,24 Hours,TRUE
81,Urine Analysis Test 81,Urine Analysis,Urine,No,Varies,U/L,1044,24 Hours,TRUE
82,Hematology Test 82,Hematology,Blood,No,Varies,IU/L,2322,48 Hours,TRUE
83,Hematology Test 83,Hematology,Blood,No,Varies,mg/dL,1199,72 Hours,TRUE
84,Stool Analysis Test 84,Stool Analysis,Stool,No,Varies,-,2004,72 Hours,TRUE
85,Cardiac Marker Test 85,Cardiac Marker,Blood,No,Varies,%,1490,Same Day,TRUE
86,Reproductive Test 86,Reproductive,Semen,Yes,Varies,-,742,48 Hours,TRUE
87,Stool Analysis Test 87,Stool Analysis,Stool,Yes,Varies,ng/mL,2128,Same Day,TRUE
88,Hormonal Test 88,Hormonal,Blood,Yes,Varies,mg/dL,2628,Same Day,TRUE
89,Toxicology Test 89,Toxicology,Saliva,No,Varies,%,2690,72 Hours,TRUE
90,Toxicology Test 90,Toxicology,Urine,No,Varies,ng/mL,1063,24 Hours,TRUE
91,Toxicology Test 91,Toxicology,Saliva,No,Varies,mg/dL,376,24 Hours,TRUE
92,Cardiac Marker Test 92,Cardiac Marker,Blood,No,Varies,U/L,1322,24 Hours,TRUE
93,Biochemistry Test 93,Biochemistry,Blood,Yes,Varies,ng/mL,1740,72 Hours,TRUE
94,Coagulation Test 94,Coagulation,Blood,No,Varies,ng/mL,1510,Same Day,TRUE
95,Immunology Test 95,Immunology,Blood,No,Varies,ng/mL,3421,48 Hours,TRUE
96,Hormonal Test 96,Hormonal,Blood,Yes,Varies,-,2106,48 Hours,TRUE
97,Immunology Test 97,Immunology,Blood,No,Varies,IU/L,2779,72 Hours,TRUE
98,Cardiac Marker Test 98,Cardiac Marker,Blood,Yes,Varies,IU/L,233,72 Hours,TRUE
99,Hormonal Test 99,Hormonal,Blood,Yes,Varies,U/L,2686,Same Day,TRUE
100,Immunology Test 100,Immunology,Blood,Yes,Varies,-,695,48 Hours,TRUE
101,Hormonal Test 101,Hormonal,Blood,Yes,Varies,mg/dL,1252,48 Hours,TRUE
102,Cardiac Marker Test 102,Cardiac Marker,Blood,Yes,Varies,U/L,2745,72 Hours,TRUE
103,Hematology Test 103,Hematology,Blood,No,Varies,mg/dL,2079,24 Hours,TRUE
104,Coagulation Test 104,Coagulation,Blood,No,Varies,ng/mL,3232,24 Hours,TRUE
105,Toxicology Test 105,Toxicology,Urine,No,Varies,ng/mL,1489,72 Hours,TRUE
106,Electrolytes Test 106,Electrolytes,Blood,Yes,Varies,%,1843,24 Hours,TRUE
107,Cardiac Marker Test 107,Cardiac Marker,Blood,No,Varies,%,2345,48 Hours,TRUE
108,Toxicology Test 108,Toxicology,Urine,No,Varies,ng/mL,2710,48 Hours,TRUE
109,Stool Analysis Test 109,Stool Analysis,Stool,No,Varies,mg/dL,1349,48 Hours,TRUE
110,Immunology Test 110,Immunology,Blood,No,Varies,IU/L,3133,48 Hours,TRUE
111,Cardiac Marker Test 111,Cardiac Marker,Blood,No,Varies,mg/dL,917,72 Hours,TRUE
112,Immunology Test 112,Immunology,Blood,Yes,Varies,mg/dL,1060,72 Hours,TRUE
113,Reproductive Test 113,Reproductive,Semen,Yes,Varies,ng/mL,2503,48 Hours,TRUE
114,Immunology Test 114,Immunology,Blood,Yes,Varies,U/L,587,72 Hours,TRUE
115,Coagulation Test 115,Coagulation,Blood,No,Varies,-,3482,72 Hours,TRUE
116,Toxicology Test 116,Toxicology,Urine,No,Varies,ng/mL,1759,24 Hours,TRUE
117,Coagulation Test 117,Coagulation,Blood,Yes,Varies,U/L,1557,24 Hours,TRUE
118,Cardiac Marker Test 118,Cardiac Marker,Blood,No,Varies,ng/mL,2495,72 Hours,TRUE
119,Biochemistry Test 119,Biochemistry,Blood,Yes,Varies,%,1818,48 Hours,TRUE
120,Immunology Test 120,Immunology,Blood,Yes,Varies,-,717,72 Hours,TRUE
121,Urine Analysis Test 121,Urine Analysis,Urine,Yes,Varies,IU/L,1981,24 Hours,TRUE
122,Reproductive Test 122,Reproductive,Semen,Yes,Varies,IU/L,3287,24 Hours,TRUE
123,Cardiac Marker Test 123,Cardiac Marker,Blood,Yes,Varies,IU/L,1891,24 Hours,TRUE
124,Hematology Test 124,Hematology,Blood,No,Varies,%,3288,24 Hours,TRUE
125,Biochemistry Test 125,Biochemistry,Blood,Yes,Varies,%,3406,72 Hours,TRUE
126,Reproductive Test 126,Reproductive,Semen,No,Varies,mg/dL,525,24 Hours,TRUE
127,Reproductive Test 127,Reproductive,Semen,No,Varies,-,1832,72 Hours,TRUE
128,Microbiology Test 128,Microbiology,Blood,Yes,Varies,ng/mL,2471,24 Hours,TRUE
129,Hematology Test 129,Hematology,Blood,No,Varies,IU/L,454,24 Hours,TRUE
130,Microbiology Test 130,Microbiology,Blood,Yes,Varies,-,571,Same Day,TRUE
131,Biochemistry Test 131,Biochemistry,Blood,Yes,Varies,U/L,2479,72 Hours,TRUE
132,Toxicology Test 132,Toxicology,Saliva,Yes,Varies,U/L,964,Same Day,TRUE
133,Urine Analysis Test 133,Urine Analysis,Urine,No,Varies,IU/L,3343,Same Day,TRUE
134,Reproductive Test 134,Reproductive,Semen,Yes,Varies,U/L,1676,Same Day,TRUE
135,Immunology Test 135,Immunology,Blood,No,Varies,mg/dL,2145,Same Day,TRUE
136,Tumor Marker Test 136,Tumor Marker,Blood,Yes,Varies,IU/L,1610,72 Hours,TRUE
137,Electrolytes Test 137,Electrolytes,Blood,No,Varies,ng/mL,2514,72 Hours,TRUE
138,Microbiology Test 138,Microbiology,Blood,No,Varies,IU/L,1856,48 Hours,TRUE
139,Cardiac Marker Test 139,Cardiac Marker,Blood,No,Varies,mg/dL,1037,48 Hours,TRUE
140,Cardiac Marker Test 140,Cardiac Marker,Blood,No,Varies,mg/dL,1605,48 Hours,TRUE
141,Biochemistry Test 141,Biochemistry,Blood,No,Varies,-,1847,24 Hours,TRUE
142,Hematology Test 142,Hematology,Blood,No,Varies,IU/L,1028,Same Day,TRUE
143,Hematology Test 143,Hematology,Blood,Yes,Varies,-,2619,Same Day,TRUE
144,Immunology Test 144,Immunology,Blood,No,Varies,ng/mL,1622,Same Day,TRUE
145,Microbiology Test 145,Microbiology,Blood,Yes,Varies,mg/dL,986,48 Hours,TRUE
146,Hormonal Test 146,Hormonal,Blood,No,Varies,mg/dL,2943,72 Hours,TRUE
147,Electrolytes Test 147,Electrolytes,Blood,Yes,Varies,U/L,765,24 Hours,TRUE
148,Toxicology Test 148,Toxicology,Urine,Yes,Varies,U/L,1343,24 Hours,TRUE
149,Hormonal Test 149,Hormonal,Blood,No,Varies,U/L,3205,72 Hours,TRUE
150,Electrolytes Test 150,Electrolytes,Blood,No,Varies,-,2664,24 Hours,TRUE
151,Hormonal Test 151,Hormonal,Blood,No,Varies,mg/dL,3431,Same Day,TRUE
152,Tumor Marker Test 152,Tumor Marker,Blood,Yes,Varies,%,476,48 Hours,TRUE
153,Toxicology Test 153,Toxicology,Saliva,Yes,Varies,IU/L,2394,24 Hours,TRUE
154,Urine Analysis Test 154,Urine Analysis,Urine,No,Varies,IU/L,1097,48 Hours,TRUE
155,Cardiac Marker Test 155,Cardiac Marker,Blood,Yes,Varies,%,2179,Same Day,TRUE
156,Toxicology Test 156,Toxicology,Urine,Yes,Varies,ng/mL,1595,24 Hours,TRUE
157,Hematology Test 157,Hematology,Blood,Yes,Varies,mg/dL,3218,72 Hours,TRUE
158,Hematology Test 158,Hematology,Blood,Yes,Varies,-,1179,24 Hours,TRUE
159,Tumor Marker Test 159,Tumor Marker,Blood,Yes,Varies,IU/L,1439,48 Hours,TRUE
160,Hormonal Test 160,Hormonal,Blood,Yes,Varies,%,2943,72 Hours,TRUE
161,Hormonal Test 161,Hormonal,Blood,Yes,Varies,IU/L,209,Same Day,TRUE
162,Microbiology Test 162,Microbiology,Blood,Yes,Varies,IU/L,1718,24 Hours,TRUE
163,Coagulation Test 163,Coagulation,Blood,Yes,Varies,-,1508,72 Hours,TRUE
164,Hormonal Test 164,Hormonal,Blood,No,Varies,ng/mL,2188,48 Hours,TRUE
165,Tumor Marker Test 165,Tumor Marker,Blood,Yes,Varies,IU/L,1120,24 Hours,TRUE
166,Immunology Test 166,Immunology,Blood,No,Varies,%,3146,72 Hours,TRUE
167,Electrolytes Test 167,Electrolytes,Blood,No,Varies,IU/L,277,72 Hours,TRUE
168,Toxicology Test 168,Toxicology,Saliva,No,Varies,IU/L,1339,Same Day,TRUE
169,Toxicology Test 169,Toxicology,Saliva,No,Varies,%,514,Same Day,TRUE
170,Toxicology Test 170,Toxicology,Urine,Yes,Varies,IU/L,2089,48 Hours,TRUE
171,Stool Analysis Test 171,Stool Analysis,Stool,No,Varies,mg/dL,1551,24 Hours,TRUE
172,Tumor Marker Test 172,Tumor Marker,Blood,Yes,Varies,mg/dL,1724,Same Day,TRUE
173,Electrolytes Test 173,Electrolytes,Blood,Yes,Varies,ng/mL,3308,48 Hours,TRUE
174,Tumor Marker Test 174,Tumor Marker,Blood,No,Varies,U/L,3184,72 Hours,TRUE
175,Tumor Marker Test 175,Tumor Marker,Blood,No,Varies,U/L,2212,Same Day,TRUE
176,Hormonal Test 176,Hormonal,Blood,No,Varies,U/L,2746,Same Day,TRUE
177,Reproductive Test 177,Reproductive,Semen,No,Varies,U/L,2442,72 Hours,TRUE
178,Biochemistry Test 178,Biochemistry,Blood,No,Varies,IU/L,1117,48 Hours,TRUE
179,Toxicology Test 179,Toxicology,Saliva,No,Varies,ng/mL,2319,24 Hours,TRUE
180,Hormonal Test 180,Hormonal,Blood,Yes,Varies,IU/L,1625,24 Hours,TRUE
181,Microbiology Test 181,Microbiology,Blood,No,Varies,mg/dL,2873,72 Hours,TRUE
182,Microbiology Test 182,Microbiology,Blood,No,Varies,U/L,2263,Same Day,TRUE
183,Microbiology Test 183,Microbiology,Blood,Yes,Varies,ng/mL,1762,24 Hours,TRUE
184,Urine Analysis Test 184,Urine Analysis,Urine,Yes,Varies,IU/L,2035,72 Hours,TRUE
185,Toxicology Test 185,Toxicology,Saliva,Yes,Varies,mg/dL,1101,72 Hours,TRUE
186,Microbiology Test 186,Microbiology,Blood,No,Varies,U/L,3416,48 Hours,TRUE
187,Reproductive Test 187,Reproductive,Semen,Yes,Varies,ng/mL,2826,72 Hours,TRUE
188,Hematology Test 188,Hematology,Blood,Yes,Varies,%,1864,Same Day,TRUE
189,Hematology Test 189,Hematology,Blood,No,Varies,-,1415,72 Hours,TRUE
190,Reproductive Test 190,Reproductive,Semen,Yes,Varies,mg/dL,1922,48 Hours,TRUE
191,Stool Analysis Test 191,Stool Analysis,Stool,No,Varies,mg/dL,3103,48 Hours,TRUE
192,Microbiology Test 192,Microbiology,Blood,Yes,Varies,%,980,Same Day,TRUE
193,Microbiology Test 193,Microbiology,Blood,No,Varies,mg/dL,2957,24 Hours,TRUE
194,Urine Analysis Test 194,Urine Analysis,Urine,Yes,Varies,IU/L,221,24 Hours,TRUE
195,Hormonal Test 195,Hormonal,Blood,No,Varies,ng/mL,3331,72 Hours,TRUE
196,Immunology Test 196,Immunology,Blood,No,Varies,%,2562,72 Hours,TRUE
197,Toxicology Test 197,Toxicology,Saliva,No,Varies,ng/mL,3023,24 Hours,TRUE
198,Reproductive Test 198,Reproductive,Semen,No,Varies,-,918,Same Day,TRUE
199,Electrolytes Test 199,Electrolytes,Blood,Yes,Varies,-,1160,24 Hours,TRUE
200,Electrolytes Test 200,Electrolytes,Blood,No,Varies,%,3489,72 Hours,TRUE
201,Immunology Test 201,Immunology,Blood,No,Varies,%,2783,Same Day,TRUE
202,Immunology Test 202,Immunology,Blood,Yes,Varies,%,2633,48 Hours,TRUE
203,Hormonal Test 203,Hormonal,Blood,No,Varies,mg/dL,1431,48 Hours,TRUE
204,Urine Analysis Test 204,Urine Analysis,Urine,Yes,Varies,U/L,629,24 Hours,TRUE
205,Tumor Marker Test 205,Tumor Marker,Blood,Yes,Varies,ng/mL,272,Same Day,TRUE
206,Toxicology Test 206,Toxicology,Urine,No,Varies,ng/mL,276,24 Hours,TRUE
207,Hormonal Test 207,Hormonal,Blood,Yes,Varies,mg/dL,2408,Same Day,TRUE
208,Toxicology Test 208,Toxicology,Urine,Yes,Varies,U/L,1699,24 Hours,TRUE
209,Immunology Test 209,Immunology,Blood,No,Varies,U/L,1011,Same Day,TRUE
210,Cardiac Marker Test 210,Cardiac Marker,Blood,Yes,Varies,%,1418,48 Hours,TRUE
211,Cardiac Marker Test 211,Cardiac Marker,Blood,No,Varies,-,1220,48 Hours,TRUE
212,Urine Analysis Test 212,Urine Analysis,Urine,No,Varies,%,2228,48 Hours,TRUE
213,Toxicology Test 213,Toxicology,Saliva,No,Varies,IU/L,1972,48 Hours,TRUE
214,Coagulation Test 214,Coagulation,Blood,No,Varies,ng/mL,661,72 Hours,TRUE
215,Hormonal Test 215,Hormonal,Blood,No,Varies,IU/L,650,24 Hours,TRUE
216,Immunology Test 216,Immunology,Blood,No,Varies,IU/L,3055,48 Hours,TRUE
217,Reproductive Test 217,Reproductive,Semen,No,Varies,U/L,1344,48 Hours,TRUE
218,Tumor Marker Test 218,Tumor Marker,Blood,Yes,Varies,U/L,1485,Same Day,TRUE
219,Urine Analysis Test 219,Urine Analysis,Urine,Yes,Varies,mg/dL,1105,48 Hours,TRUE
220,Hormonal Test 220,Hormonal,Blood,Yes,Varies,%,2092,Same Day,TRUE
221,Hormonal Test 221,Hormonal,Blood,No,Varies,-,409,72 Hours,TRUE
222,Hormonal Test 222,Hormonal,Blood,No,Varies,IU/L,2407,24 Hours,TRUE
223,Tumor Marker Test 223,Tumor Marker,Blood,No,Varies,IU/L,2136,Same Day,TRUE
224,Stool Analysis Test 224,Stool Analysis,Stool,Yes,Varies,IU/L,1601,Same Day,TRUE
225,Tumor Marker Test 225,Tumor Marker,Blood,No,Varies,IU/L,1980,48 Hours,TRUE
226,Microbiology Test 226,Microbiology,Blood,No,Varies,ng/mL,3496,48 Hours,TRUE
227,Reproductive Test 227,Reproductive,Semen,Yes,Varies,mg/dL,901,24 Hours,TRUE
228,Stool Analysis Test 228,Stool Analysis,Stool,Yes,Varies,IU/L,244,72 Hours,TRUE
229,Stool Analysis Test 229,Stool Analysis,Stool,No,Varies,mg/dL,213,48 Hours,TRUE
230,Immunology Test 230,Immunology,Blood,No,Varies,%,1464,24 Hours,TRUE
231,Microbiology Test 231,Microbiology,Blood,No,Varies,U/L,1527,48 Hours,TRUE
232,Hematology Test 232,Hematology,Blood,Yes,Varies,IU/L,3039,48 Hours,TRUE
233,Stool Analysis Test 233,Stool Analysis,Stool,No,Varies,U/L,3310,72 Hours,TRUE
234,Stool Analysis Test 234,Stool Analysis,Stool,Yes,Varies,IU/L,1191,72 Hours,TRUE
235,Immunology Test 235,Immunology,Blood,Yes,Varies,ng/mL,2490,Same Day,TRUE
236,Immunology Test 236,Immunology,Blood,Yes,Varies,mg/dL,1629,48 Hours,TRUE
237,Coagulation Test 237,Coagulation,Blood,No,Varies,U/L,2593,48 Hours,TRUE
238,Toxicology Test 238,Toxicology,Urine,Yes,Varies,-,2029,72 Hours,TRUE
239,Tumor Marker Test 239,Tumor Marker,Blood,Yes,Varies,IU/L,565,24 Hours,TRUE
240,Immunology Test 240,Immunology,Blood,Yes,Varies,%,1818,Same Day,TRUE
241,Toxicology Test 241,Toxicology,Urine,Yes,Varies,mg/dL,3213,72 Hours,TRUE
242,Tumor Marker Test 242,Tumor Marker,Blood,Yes,Varies,IU/L,1538,72 Hours,TRUE
243,Electrolytes Test 243,Electrolytes,Blood,Yes,Varies,-,399,Same Day,TRUE
244,Reproductive Test 244,Reproductive,Semen,Yes,Varies,U/L,2757,Same Day,TRUE
245,Biochemistry Test 245,Biochemistry,Blood,Yes,Varies,%,1440,72 Hours,TRUE
246,Hormonal Test 246,Hormonal,Blood,No,Varies,ng/mL,2970,48 Hours,TRUE
247,Toxicology Test 247,Toxicology,Saliva,Yes,Varies,-,648,48 Hours,TRUE
248,Cardiac Marker Test 248,Cardiac Marker,Blood,Yes,Varies,-,2716,24 Hours,TRUE
249,Urine Analysis Test 249,Urine Analysis,Urine,No,Varies,-,2334,72 Hours,TRUE
250,Hematology Test 250,Hematology,Blood,Yes,Varies,ng/mL,2345,72 Hours,TRUE
251,Reproductive Test 251,Reproductive,Semen,Yes,Varies,%,287,48 Hours,TRUE
252,Hematology Test 252,Hematology,Blood,Yes,Varies,mg/dL,1689,Same Day,TRUE
253,Coagulation Test 253,Coagulation,Blood,No,Varies,mg/dL,3171,48 Hours,TRUE
254,Electrolytes Test 254,Electrolytes,Blood,Yes,Varies,IU/L,2266,Same Day,TRUE
255,Electrolytes Test 255,Electrolytes,Blood,Yes,Varies,IU/L,389,48 Hours,TRUE
256,Reproductive Test 256,Reproductive,Semen,No,Varies,%,2685,48 Hours,TRUE
257,Reproductive Test 257,Reproductive,Semen,Yes,Varies,mg/dL,785,48 Hours,TRUE
258,Reproductive Test 258,Reproductive,Semen,Yes,Varies,-,1535,72 Hours,TRUE
259,Stool Analysis Test 259,Stool Analysis,Stool,Yes,Varies,ng/mL,2701,Same Day,TRUE
260,Hormonal Test 260,Hormonal,Blood,No,Varies,ng/mL,668,Same Day,TRUE
261,Toxicology Test 261,Toxicology,Saliva,Yes,Varies,-,2345,Same Day,TRUE
262,Coagulation Test 262,Coagulation,Blood,No,Varies,U/L,1910,Same Day,TRUE
263,Biochemistry Test 263,Biochemistry,Blood,Yes,Varies,U/L,1985,48 Hours,TRUE
264,Cardiac Marker Test 264,Cardiac Marker,Blood,No,Varies,%,3450,Same Day,TRUE
265,Hematology Test 265,Hematology,Blood,No,Varies,ng/mL,2806,72 Hours,TRUE
266,Biochemistry Test 266,Biochemistry,Blood,Yes,Varies,mg/dL,3363,24 Hours,TRUE
267,Urine Analysis Test 267,Urine Analysis,Urine,No,Varies,-,2937,Same Day,TRUE
268,Microbiology Test 268,Microbiology,Blood,Yes,Varies,mg/dL,3294,48 Hours,TRUE
269,Biochemistry Test 269,Biochemistry,Blood,No,Varies,ng/mL,3384,Same Day,TRUE
270,Coagulation Test 270,Coagulation,Blood,Yes,Varies,mg/dL,2122,Same Day,TRUE
271,Hormonal Test 271,Hormonal,Blood,No,Varies,-,3207,72 Hours,TRUE
272,Toxicology Test 272,Toxicology,Saliva,Yes,Varies,%,2457,48 Hours,TRUE
273,Hormonal Test 273,Hormonal,Blood,No,Varies,-,1486,24 Hours,TRUE
274,Tumor Marker Test 274,Tumor Marker,Blood,Yes,Varies,-,318,24 Hours,TRUE
275,Cardiac Marker Test 275,Cardiac Marker,Blood,Yes,Varies,%,1305,48 Hours,TRUE
276,Urine Analysis Test 276,Urine Analysis,Urine,No,Varies,mg/dL,2218,48 Hours,TRUE
277,Hematology Test 277,Hematology,Blood,Yes,Varies,%,1666,24 Hours,TRUE
278,Biochemistry Test 278,Biochemistry,Blood,Yes,Varies,IU/L,1735,Same Day,TRUE
279,Hormonal Test 279,Hormonal,Blood,No,Varies,IU/L,2702,24 Hours,TRUE
280,Toxicology Test 280,Toxicology,Urine,Yes,Varies,mg/dL,957,Same Day,TRUE
281,Biochemistry Test 281,Biochemistry,Blood,Yes,Varies,ng/mL,2376,24 Hours,TRUE
282,Cardiac Marker Test 282,Cardiac Marker,Blood,Yes,Varies,IU/L,1830,48 Hours,TRUE
283,Toxicology Test 283,Toxicology,Urine,Yes,Varies,mg/dL,2799,72 Hours,TRUE
284,Electrolytes Test 284,Electrolytes,Blood,Yes,Varies,-,2604,48 Hours,TRUE
285,Reproductive Test 285,Reproductive,Semen,No,Varies,ng/mL,207,48 Hours,TRUE
286,Hematology Test 286,Hematology,Blood,Yes,Varies,%,788,Same Day,TRUE
287,Stool Analysis Test 287,Stool Analysis,Stool,No,Varies,mg/dL,2897,24 Hours,TRUE
288,Hematology Test 288,Hematology,Blood,No,Varies,IU/L,3020,24 Hours,TRUE
289,Biochemistry Test 289,Biochemistry,Blood,No,Varies,U/L,2842,Same Day,TRUE
290,Reproductive Test 290,Reproductive,Semen,Yes,Varies,U/L,3079,72 Hours,TRUE
291,Microbiology Test 291,Microbiology,Blood,No,Varies,IU/L,1409,24 Hours,TRUE
292,Toxicology Test 292,Toxicology,Urine,Yes,Varies,ng/mL,981,72 Hours,TRUE
293,Microbiology Test 293,Microbiology,Blood,Yes,Varies,IU/L,2621,72 Hours,TRUE
294,Hormonal Test 294,Hormonal,Blood,Yes,Varies,IU/L,1154,24 Hours,TRUE
295,Reproductive Test 295,Reproductive,Semen,Yes,Varies,%,1822,24 Hours,TRUE
296,Stool Analysis Test 296,Stool Analysis,Stool,No,Varies,-,3139,Same Day,TRUE
297,Hormonal Test 297,Hormonal,Blood,No,Varies,IU/L,2945,72 Hours,TRUE
298,Urine Analysis Test 298,Urine Analysis,Urine,No,Varies,-,3201,72 Hours,TRUE
299,Reproductive Test 299,Reproductive,Semen,Yes,Varies,IU/L,2467,Same Day,TRUE
300,Stool Analysis Test 300,Stool Analysis,Stool,No,Varies,ng/mL,2356,72 Hours,TRUE
301,Hormonal Test 301,Hormonal,Blood,No,Varies,mg/dL,520,24 Hours,TRUE
302,Stool Analysis Test 302,Stool Analysis,Stool,Yes,Varies,ng/mL,719,24 Hours,TRUE
303,Reproductive Test 303,Reproductive,Semen,Yes,Varies,%,1626,72 Hours,TRUE
304,Biochemistry Test 304,Biochemistry,Blood,No,Varies,ng/mL,1421,Same Day,TRUE
305,Toxicology Test 305,Toxicology,Urine,No,Varies,U/L,1426,Same Day,TRUE
306,Immunology Test 306,Immunology,Blood,Yes,Varies,U/L,1335,Same Day,TRUE
307,Hormonal Test 307,Hormonal,Blood,No,Varies,ng/mL,1152,Same Day,TRUE
308,Urine Analysis Test 308,Urine Analysis,Urine,No,Varies,IU/L,2853,72 Hours,TRUE
309,Coagulation Test 309,Coagulation,Blood,Yes,Varies,ng/mL,999,24 Hours,TRUE
310,Stool Analysis Test 310,Stool Analysis,Stool,No,Varies,U/L,1643,72 Hours,TRUE
311,Toxicology Test 311,Toxicology,Urine,Yes,Varies,%,1815,Same Day,TRUE
312,Toxicology Test 312,Toxicology,Saliva,No,Varies,U/L,2925,24 Hours,TRUE
313,Cardiac Marker Test 313,Cardiac Marker,Blood,Yes,Varies,IU/L,2797,24 Hours,TRUE
314,Hematology Test 314,Hematology,Blood,No,Varies,ng/mL,3249,24 Hours,TRUE
315,Toxicology Test 315,Toxicology,Urine,Yes,Varies,ng/mL,297,24 Hours,TRUE
316,Hormonal Test 316,Hormonal,Blood,No,Varies,IU/L,2835,72 Hours,TRUE
317,Urine Analysis Test 317,Urine Analysis,Urine,Yes,Varies,IU/L,489,72 Hours,TRUE
318,Coagulation Test 318,Coagulation,Blood,No,Varies,U/L,461,72 Hours,TRUE
319,Biochemistry Test 319,Biochemistry,Blood,No,Varies,%,1621,48 Hours,TRUE
320,Tumor Marker Test 320,Tumor Marker,Blood,No,Varies,%,697,48 Hours,TRUE
321,Hematology Test 321,Hematology,Blood,Yes,Varies,ng/mL,1516,48 Hours,TRUE
322,Toxicology Test 322,Toxicology,Saliva,Yes,Varies,-,1146,24 Hours,TRUE
323,Microbiology Test 323,Microbiology,Blood,Yes,Varies,U/L,2094,48 Hours,TRUE
324,Reproductive Test 324,Reproductive,Semen,Yes,Varies,%,1513,24 Hours,TRUE
325,Microbiology Test 325,Microbiology,Blood,No,Varies,ng/mL,2691,72 Hours,TRUE
326,Immunology Test 326,Immunology,Blood,Yes,Varies,U/L,2833,Same Day,TRUE
327,Reproductive Test 327,Reproductive,Semen,Yes,Varies,-,3139,72 Hours,TRUE
328,Immunology Test 328,Immunology,Blood,No,Varies,U/L,1739,Same Day,TRUE
329,Microbiology Test 329,Microbiology,Blood,Yes,Varies,ng/mL,2309,24 Hours,TRUE
330,Stool Analysis Test 330,Stool Analysis,Stool,Yes,Varies,U/L,1294,72 Hours,TRUE
331,Electrolytes Test 331,Electrolytes,Blood,No,Varies,-,658,48 Hours,TRUE
332,Hematology Test 332,Hematology,Blood,Yes,Varies,mg/dL,2698,Same Day,TRUE
333,Urine Analysis Test 333,Urine Analysis,Urine,No,Varies,IU/L,2317,48 Hours,TRUE
334,Hematology Test 334,Hematology,Blood,Yes,Varies,U/L,3402,72 Hours,TRUE
335,Stool Analysis Test 335,Stool Analysis,Stool,Yes,Varies,%,2762,72 Hours,TRUE
336,Coagulation Test 336,Coagulation,Blood,Yes,Varies,IU/L,2493,24 Hours,TRUE
337,Toxicology Test 337,Toxicology,Urine,Yes,Varies,ng/mL,1571,Same Day,TRUE
338,Immunology Test 338,Immunology,Blood,Yes,Varies,mg/dL,1499,24 Hours,TRUE
339,Cardiac Marker Test 339,Cardiac Marker,Blood,Yes,Varies,mg/dL,3183,48 Hours,TRUE
340,Biochemistry Test 340,Biochemistry,Blood,No,Varies,mg/dL,1124,Same Day,TRUE
341,Stool Analysis Test 341,Stool Analysis,Stool,Yes,Varies,-,621,48 Hours,TRUE
342,Toxicology Test 342,Toxicology,Saliva,No,Varies,IU/L,867,48 Hours,TRUE
343,Toxicology Test 343,Toxicology,Urine,Yes,Varies,U/L,950,48 Hours,TRUE
344,Immunology Test 344,Immunology,Blood,Yes,Varies,U/L,2306,24 Hours,TRUE
345,Electrolytes Test 345,Electrolytes,Blood,No,Varies,%,2349,72 Hours,TRUE
346,Microbiology Test 346,Microbiology,Blood,Yes,Varies,mg/dL,425,Same Day,TRUE
347,Stool Analysis Test 347,Stool Analysis,Stool,No,Varies,U/L,1293,Same Day,TRUE
348,Stool Analysis Test 348,Stool Analysis,Stool,Yes,Varies,ng/mL,3322,24 Hours,TRUE
349,Urine Analysis Test 349,Urine Analysis,Urine,Yes,Varies,mg/dL,3454,48 Hours,TRUE
350,Toxicology Test 350,Toxicology,Urine,No,Varies,%,2355,72 Hours,TRUE
351,Microbiology Test 351,Microbiology,Blood,No,Varies,mg/dL,3155,48 Hours,TRUE
352,Coagulation Test 352,Coagulation,Blood,Yes,Varies,IU/L,2660,72 Hours,TRUE
353,Reproductive Test 353,Reproductive,Semen,No,Varies,ng/mL,3446,Same Day,TRUE
354,Coagulation Test 354,Coagulation,Blood,No,Varies,mg/dL,1525,72 Hours,TRUE
355,Electrolytes Test 355,Electrolytes,Blood,Yes,Varies,mg/dL,916,Same Day,TRUE
356,Urine Analysis Test 356,Urine Analysis,Urine,Yes,Varies,U/L,1569,48 Hours,TRUE
357,Reproductive Test 357,Reproductive,Semen,No,Varies,%,704,24 Hours,TRUE
358,Hematology Test 358,Hematology,Blood,No,Varies,%,1744,72 Hours,TRUE
359,Hormonal Test 359,Hormonal,Blood,No,Varies,%,2674,24 Hours,TRUE
360,Stool Analysis Test 360,Stool Analysis,Stool,No,Varies,%,2931,72 Hours,TRUE
361,Stool Analysis Test 361,Stool Analysis,Stool,No,Varies,mg/dL,1097,48 Hours,TRUE
362,Toxicology Test 362,Toxicology,Urine,No,Varies,IU/L,3115,72 Hours,TRUE
363,Biochemistry Test 363,Biochemistry,Blood,No,Varies,U/L,1212,Same Day,TRUE
364,Toxicology Test 364,Toxicology,Urine,No,Varies,mg/dL,2374,24 Hours,TRUE
365,Microbiology Test 365,Microbiology,Blood,Yes,Varies,ng/mL,2915,48 Hours,TRUE
366,Cardiac Marker Test 366,Cardiac Marker,Blood,No,Varies,%,1269,72 Hours,TRUE
367,Immunology Test 367,Immunology,Blood,No,Varies,U/L,1196,24 Hours,TRUE
368,Biochemistry Test 368,Biochemistry,Blood,Yes,Varies,%,416,24 Hours,TRUE
369,Tumor Marker Test 369,Tumor Marker,Blood,No,Varies,ng/mL,394,24 Hours,TRUE
370,Electrolytes Test 370,Electrolytes,Blood,Yes,Varies,-,3097,72 Hours,TRUE
371,Urine Analysis Test 371,Urine Analysis,Urine,Yes,Varies,-,1132,Same Day,TRUE
372,Coagulation Test 372,Coagulation,Blood,Yes,Varies,mg/dL,2107,Same Day,TRUE
373,Hematology Test 373,Hematology,Blood,No,Varies,ng/mL,1061,48 Hours,TRUE
374,Hematology Test 374,Hematology,Blood,No,Varies,-,3315,Same Day,TRUE
375,Immunology Test 375,Immunology,Blood,Yes,Varies,ng/mL,1980,72 Hours,TRUE
376,Biochemistry Test 376,Biochemistry,Blood,No,Varies,IU/L,2692,24 Hours,TRUE
377,Toxicology Test 377,Toxicology,Urine,No,Varies,U/L,1579,Same Day,TRUE
378,Electrolytes Test 378,Electrolytes,Blood,No,Varies,IU/L,1052,Same Day,TRUE
379,Coagulation Test 379,Coagulation,Blood,Yes,Varies,IU/L,685,48 Hours,TRUE
380,Hormonal Test 380,Hormonal,Blood,No,Varies,U/L,2895,Same Day,TRUE
381,Hematology Test 381,Hematology,Blood,No,Varies,-,772,24 Hours,TRUE
382,Microbiology Test 382,Microbiology,Blood,No,Varies,mg/dL,1436,48 Hours,TRUE
383,Toxicology Test 383,Toxicology,Urine,Yes,Varies,U/L,1256,48 Hours,TRUE
384,Hormonal Test 384,Hormonal,Blood,Yes,Varies,-,575,Same Day,TRUE
385,Stool Analysis Test 385,Stool Analysis,Stool,No,Varies,mg/dL,544,24 Hours,TRUE
386,Biochemistry Test 386,Biochemistry,Blood,No,Varies,ng/mL,217,48 Hours,TRUE
387,Cardiac Marker Test 387,Cardiac Marker,Blood,Yes,Varies,%,3415,72 Hours,TRUE
388,Urine Analysis Test 388,Urine Analysis,Urine,No,Varies,IU/L,1184,24 Hours,TRUE
389,Cardiac Marker Test 389,Cardiac Marker,Blood,No,Varies,mg/dL,1936,Same Day,TRUE
390,Cardiac Marker Test 390,Cardiac Marker,Blood,Yes,Varies,-,578,72 Hours,TRUE
391,Urine Analysis Test 391,Urine Analysis,Urine,Yes,Varies,U/L,2076,Same Day,TRUE
392,Toxicology Test 392,Toxicology,Urine,Yes,Varies,-,763,72 Hours,TRUE
393,Coagulation Test 393,Coagulation,Blood,No,Varies,mg/dL,2572,24 Hours,TRUE
394,Immunology Test 394,Immunology,Blood,No,Varies,ng/mL,593,Same Day,TRUE
395,Reproductive Test 395,Reproductive,Semen,Yes,Varies,%,461,24 Hours,TRUE
396,Hematology Test 396,Hematology,Blood,No,Varies,-,2289,24 Hours,TRUE
397,Electrolytes Test 397,Electrolytes,Blood,No,Varies,%,530,24 Hours,TRUE
398,Hematology Test 398,Hematology,Blood,No,Varies,U/L,652,Same Day,TRUE
399,Reproductive Test 399,Reproductive,Semen,No,Varies,U/L,836,72 Hours,TRUE
400,Microbiology Test 400,Microbiology,Blood,No,Varies,IU/L,2433,72 Hours,TRUE
401,Stool Analysis Test 401,Stool Analysis,Stool,No,Varies,IU/L,2756,24 Hours,TRUE
402,Cardiac Marker Test 402,Cardiac Marker,Blood,Yes,Varies,mg/dL,3109,Same Day,TRUE
403,Hormonal Test 403,Hormonal,Blood,Yes,Varies,-,373,Same Day,TRUE
404,Toxicology Test 404,Toxicology,Saliva,No,Varies,-,2644,24 Hours,TRUE
405,Hormonal Test 405,Hormonal,Blood,No,Varies,U/L,1830,Same Day,TRUE
406,Immunology Test 406,Immunology,Blood,No,Varies,IU/L,2807,48 Hours,TRUE
407,Stool Analysis Test 407,Stool Analysis,Stool,Yes,Varies,%,1376,48 Hours,TRUE
408,Hormonal Test 408,Hormonal,Blood,No,Varies,mg/dL,1302,Same Day,TRUE
409,Tumor Marker Test 409,Tumor Marker,Blood,No,Varies,mg/dL,896,24 Hours,TRUE
410,Hematology Test 410,Hematology,Blood,Yes,Varies,mg/dL,2504,48 Hours,TRUE
411,Hormonal Test 411,Hormonal,Blood,No,Varies,IU/L,2892,72 Hours,TRUE
412,Biochemistry Test 412,Biochemistry,Blood,Yes,Varies,U/L,889,24 Hours,TRUE
413,Reproductive Test 413,Reproductive,Semen,Yes,Varies,mg/dL,2052,72 Hours,TRUE
414,Hematology Test 414,Hematology,Blood,Yes,Varies,IU/L,2462,Same Day,TRUE
415,Hematology Test 415,Hematology,Blood,Yes,Varies,IU/L,1341,24 Hours,TRUE
416,Urine Analysis Test 416,Urine Analysis,Urine,Yes,Varies,-,990,Same Day,TRUE
417,Toxicology Test 417,Toxicology,Urine,No,Varies,U/L,1866,72 Hours,TRUE
418,Hormonal Test 418,Hormonal,Blood,Yes,Varies,%,252,72 Hours,TRUE
419,Reproductive Test 419,Reproductive,Semen,Yes,Varies,IU/L,1813,48 Hours,TRUE
420,Coagulation Test 420,Coagulation,Blood,No,Varies,U/L,846,24 Hours,TRUE
421,Biochemistry Test 421,Biochemistry,Blood,No,Varies,ng/mL,610,Same Day,TRUE
422,Electrolytes Test 422,Electrolytes,Blood,Yes,Varies,U/L,531,72 Hours,TRUE
423,Biochemistry Test 423,Biochemistry,Blood,No,Varies,U/L,245,Same Day,TRUE
424,Electrolytes Test 424,Electrolytes,Blood,Yes,Varies,ng/mL,1119,72 Hours,TRUE
425,Biochemistry Test 425,Biochemistry,Blood,No,Varies,-,2633,24 Hours,TRUE
426,Urine Analysis Test 426,Urine Analysis,Urine,No,Varies,-,598,24 Hours,TRUE
427,Toxicology Test 427,Toxicology,Urine,Yes,Varies,mg/dL,2603,24 Hours,TRUE
428,Urine Analysis Test 428,Urine Analysis,Urine,Yes,Varies,U/L,1380,24 Hours,TRUE
429,Toxicology Test 429,Toxicology,Saliva,No,Varies,U/L,2156,24 Hours,TRUE
430,Microbiology Test 430,Microbiology,Blood,Yes,Varies,mg/dL,2764,Same Day,TRUE
431,Cardiac Marker Test 431,Cardiac Marker,Blood,Yes,Varies,IU/L,1518,24 Hours,TRUE
432,Immunology Test 432,Immunology,Blood,No,Varies,U/L,1009,Same Day,TRUE
433,Biochemistry Test 433,Biochemistry,Blood,Yes,Varies,ng/mL,3285,24 Hours,TRUE
434,Toxicology Test 434,Toxicology,Urine,Yes,Varies,IU/L,1325,Same Day,TRUE
435,Electrolytes Test 435,Electrolytes,Blood,Yes,Varies,%,3373,48 Hours,TRUE
436,Tumor Marker Test 436,Tumor Marker,Blood,No,Varies,%,1633,72 Hours,TRUE
437,Reproductive Test 437,Reproductive,Semen,Yes,Varies,U/L,2693,48 Hours,TRUE
438,Cardiac Marker Test 438,Cardiac Marker,Blood,Yes,Varies,-,1099,72 Hours,TRUE
439,Toxicology Test 439,Toxicology,Saliva,No,Varies,U/L,1756,48 Hours,TRUE
440,Hormonal Test 440,Hormonal,Blood,No,Varies,%,1961,48 Hours,TRUE
441,Toxicology Test 441,Toxicology,Urine,Yes,Varies,ng/mL,688,Same Day,TRUE
442,Reproductive Test 442,Reproductive,Semen,Yes,Varies,U/L,790,72 Hours,TRUE
443,Electrolytes Test 443,Electrolytes,Blood,No,Varies,%,714,72 Hours,TRUE
444,Reproductive Test 444,Reproductive,Semen,Yes,Varies,IU/L,3161,72 Hours,TRUE
445,Hematology Test 445,Hematology,Blood,Yes,Varies,%,2829,24 Hours,TRUE
446,Hematology Test 446,Hematology,Blood,No,Varies,U/L,1816,72 Hours,TRUE
447,Hormonal Test 447,Hormonal,Blood,Yes,Varies,ng/mL,3480,Same Day,TRUE
448,Immunology Test 448,Immunology,Blood,Yes,Varies,%,1884,24 Hours,TRUE
449,Toxicology Test 449,Toxicology,Urine,No,Varies,ng/mL,1143,72 Hours,TRUE
450,Coagulation Test 450,Coagulation,Blood,Yes,Varies,-,425,48 Hours,TRUE
451,Tumor Marker Test 451,Tumor Marker,Blood,No,Varies,%,2642,24 Hours,TRUE
452,Toxicology Test 452,Toxicology,Saliva,Yes,Varies,ng/mL,3036,24 Hours,TRUE
453,Coagulation Test 453,Coagulation,Blood,No,Varies,%,588,48 Hours,TRUE
454,Toxicology Test 454,Toxicology,Saliva,No,Varies,-,1900,48 Hours,TRUE
455,Hematology Test 455,Hematology,Blood,Yes,Varies,U/L,2750,Same Day,TRUE
456,Biochemistry Test 456,Biochemistry,Blood,No,Varies,IU/L,2345,24 Hours,TRUE
457,Reproductive Test 457,Reproductive,Semen,Yes,Varies,mg/dL,343,24 Hours,TRUE
458,Toxicology Test 458,Toxicology,Urine,No,Varies,-,2700,24 Hours,TRUE
459,Urine Analysis Test 459,Urine Analysis,Urine,No,Varies,IU/L,412,72 Hours,TRUE
460,Coagulation Test 460,Coagulation,Blood,No,Varies,IU/L,2448,Same Day,TRUE
461,Biochemistry Test 461,Biochemistry,Blood,No,Varies,ng/mL,2577,48 Hours,TRUE
462,Immunology Test 462,Immunology,Blood,Yes,Varies,U/L,2179,48 Hours,TRUE
463,Biochemistry Test 463,Biochemistry,Blood,Yes,Varies,mg/dL,303,Same Day,TRUE
464,Tumor Marker Test 464,Tumor Marker,Blood,Yes,Varies,-,1882,72 Hours,TRUE
465,Coagulation Test 465,Coagulation,Blood,Yes,Varies,U/L,1610,72 Hours,TRUE
466,Immunology Test 466,Immunology,Blood,No,Varies,-,2444,24 Hours,TRUE
467,Reproductive Test 467,Reproductive,Semen,Yes,Varies,-,625,Same Day,TRUE
468,Coagulation Test 468,Coagulation,Blood,No,Varies,ng/mL,3036,Same Day,TRUE
469,Reproductive Test 469,Reproductive,Semen,No,Varies,U/L,707,Same Day,TRUE
470,Toxicology Test 470,Toxicology,Saliva,No,Varies,mg/dL,1137,48 Hours,TRUE
471,Hematology Test 471,Hematology,Blood,No,Varies,U/L,2760,Same Day,TRUE
472,Microbiology Test 472,Microbiology,Blood,No,Varies,ng/mL,1242,24 Hours,TRUE
473,Electrolytes Test 473,Electrolytes,Blood,No,Varies,U/L,1317,Same Day,TRUE
474,Tumor Marker Test 474,Tumor Marker,Blood,Yes,Varies,mg/dL,3346,72 Hours,TRUE
475,Coagulation Test 475,Coagulation,Blood,Yes,Varies,-,2752,72 Hours,TRUE
476,Biochemistry Test 476,Biochemistry,Blood,No,Varies,ng/mL,786,48 Hours,TRUE
477,Coagulation Test 477,Coagulation,Blood,Yes,Varies,U/L,2036,24 Hours,TRUE
478,Microbiology Test 478,Microbiology,Blood,Yes,Varies,IU/L,334,24 Hours,TRUE
479,Toxicology Test 479,Toxicology,Urine,Yes,Varies,%,243,48 Hours,TRUE
480,Urine Analysis Test 480,Urine Analysis,Urine,No,Varies,IU/L,1585,Same Day,TRUE
481,Toxicology Test 481,Toxicology,Urine,No,Varies,ng/mL,642,72 Hours,TRUE
482,Tumor Marker Test 482,Tumor Marker,Blood,No,Varies,%,2736,72 Hours,TRUE
483,Electrolytes Test 483,Electrolytes,Blood,Yes,Varies,%,316,48 Hours,TRUE
484,Stool Analysis Test 484,Stool Analysis,Stool,No,Varies,-,1477,48 Hours,TRUE
485,Electrolytes Test 485,Electrolytes,Blood,Yes,Varies,IU/L,1655,72 Hours,TRUE
486,Microbiology Test 486,Microbiology,Blood,Yes,Varies,U/L,1571,24 Hours,TRUE
487,Tumor Marker Test 487,Tumor Marker,Blood,Yes,Varies,%,697,72 Hours,TRUE
488,Tumor Marker Test 488,Tumor Marker,Blood,No,Varies,mg/dL,1194,24 Hours,TRUE
489,Reproductive Test 489,Reproductive,Semen,No,Varies,ng/mL,1686,Same Day,TRUE
490,Toxicology Test 490,Toxicology,Saliva,Yes,Varies,ng/mL,1204,72 Hours,TRUE
491,Toxicology Test 491,Toxicology,Urine,Yes,Varies,IU/L,2511,Same Day,TRUE
492,Electrolytes Test 492,Electrolytes,Blood,Yes,Varies,U/L,983,48 Hours,TRUE
493,Immunology Test 493,Immunology,Blood,No,Varies,%,1249,48 Hours,TRUE
494,Biochemistry Test 494,Biochemistry,Blood,Yes,Varies,-,864,24 Hours,TRUE
495,Tumor Marker Test 495,Tumor Marker,Blood,Yes,Varies,IU/L,2260,72 Hours,TRUE
496,Biochemistry Test 496,Biochemistry,Blood,No,Varies,-,546,24 Hours,TRUE
497,Tumor Marker Test 497,Tumor Marker,Blood,No,Varies,IU/L,1091,48 Hours,TRUE
498,Hormonal Test 498,Hormonal,Blood,No,Varies,U/L,1638,48 Hours,TRUE
499,Electrolytes Test 499,Electrolytes,Blood,No,Varies,%,2108,24 Hours,TRUE
500,Hormonal Test 500,Hormonal,Blood,No,Varies,mg/dL,534,Same Day,TRUE
501,Toxicology Test 501,Toxicology,Urine,Yes,Varies,U/L,2153,48 Hours,TRUE
502,Hormonal Test 502,Hormonal,Blood,No,Varies,-,678,Same Day,TRUE
503,Hematology Test 503,Hematology,Blood,No,Varies,mg/dL,2272,Same Day,TRUE
504,Immunology Test 504,Immunology,Blood,No,Varies,mg/dL,1495,48 Hours,TRUE
505,Electrolytes Test 505,Electrolytes,Blood,Yes,Varies,ng/mL,2293,72 Hours,TRUE
506,Immunology Test 506,Immunology,Blood,Yes,Varies,ng/mL,1891,Same Day,TRUE
507,Toxicology Test 507,Toxicology,Urine,No,Varies,mg/dL,2909,48 Hours,TRUE
508,Biochemistry Test 508,Biochemistry,Blood,Yes,Varies,IU/L,3494,Same Day,TRUE
509,Toxicology Test 509,Toxicology,Urine,Yes,Varies,-,1054,24 Hours,TRUE
510,Hormonal Test 510,Hormonal,Blood,Yes,Varies,-,3421,24 Hours,TRUE
511,Cardiac Marker Test 511,Cardiac Marker,Blood,No,Varies,ng/mL,3410,Same Day,TRUE
512,Hematology Test 512,Hematology,Blood,Yes,Varies,-,3170,72 Hours,TRUE
513,Toxicology Test 513,Toxicology,Saliva,Yes,Varies,%,563,48 Hours,TRUE
514,Immunology Test 514,Immunology,Blood,No,Varies,-,406,24 Hours,TRUE
515,Electrolytes Test 515,Electrolytes,Blood,No,Varies,ng/mL,3048,48 Hours,TRUE
516,Electrolytes Test 516,Electrolytes,Blood,Yes,Varies,mg/dL,2167,48 Hours,TRUE
517,Urine Analysis Test 517,Urine Analysis,Urine,No,Varies,mg/dL,2226,72 Hours,TRUE
518,Coagulation Test 518,Coagulation,Blood,No,Varies,-,1140,72 Hours,TRUE
519,Biochemistry Test 519,Biochemistry,Blood,Yes,Varies,U/L,1118,24 Hours,TRUE
520,Reproductive Test 520,Reproductive,Semen,No,Varies,mg/dL,541,24 Hours,TRUE
521,Immunology Test 521,Immunology,Blood,No,Varies,U/L,434,Same Day,TRUE
522,Toxicology Test 522,Toxicology,Saliva,Yes,Varies,IU/L,3457,Same Day,TRUE
523,Reproductive Test 523,Reproductive,Semen,No,Varies,-,2721,72 Hours,TRUE
524,Toxicology Test 524,Toxicology,Urine,Yes,Varies,mg/dL,201,24 Hours,TRUE
525,Microbiology Test 525,Microbiology,Blood,No,Varies,-,487,24 Hours,TRUE
526,Toxicology Test 526,Toxicology,Urine,No,Varies,U/L,2235,24 Hours,TRUE
527,Tumor Marker Test 527,Tumor Marker,Blood,Yes,Varies,mg/dL,2196,48 Hours,TRUE
528,Stool Analysis Test 528,Stool Analysis,Stool,No,Varies,IU/L,740,72 Hours,TRUE
529,Stool Analysis Test 529,Stool Analysis,Stool,No,Varies,U/L,1441,72 Hours,TRUE
530,Stool Analysis Test 530,Stool Analysis,Stool,No,Varies,%,1234,72 Hours,TRUE
531,Hematology Test 531,Hematology,Blood,Yes,Varies,mg/dL,1340,Same Day,TRUE
532,Coagulation Test 532,Coagulation,Blood,No,Varies,U/L,2715,72 Hours,TRUE
533,Urine Analysis Test 533,Urine Analysis,Urine,No,Varies,IU/L,2401,Same Day,TRUE
534,Hematology Test 534,Hematology,Blood,No,Varies,ng/mL,638,72 Hours,TRUE
535,Hormonal Test 535,Hormonal,Blood,No,Varies,ng/mL,1347,48 Hours,TRUE
536,Toxicology Test 536,Toxicology,Saliva,Yes,Varies,mg/dL,222,24 Hours,TRUE
537,Coagulation Test 537,Coagulation,Blood,Yes,Varies,-,2659,72 Hours,TRUE
538,Stool Analysis Test 538,Stool Analysis,Stool,Yes,Varies,ng/mL,376,48 Hours,TRUE
539,Coagulation Test 539,Coagulation,Blood,Yes,Varies,mg/dL,658,72 Hours,TRUE
540,Urine Analysis Test 540,Urine Analysis,Urine,Yes,Varies,-,2837,72 Hours,TRUE
541,Biochemistry Test 541,Biochemistry,Blood,No,Varies,ng/mL,1127,48 Hours,TRUE
542,Toxicology Test 542,Toxicology,Urine,Yes,Varies,U/L,1023,Same Day,TRUE
543,Reproductive Test 543,Reproductive,Semen,Yes,Varies,%,2033,48 Hours,TRUE
544,Reproductive Test 544,Reproductive,Semen,Yes,Varies,ng/mL,434,Same Day,TRUE
545,Biochemistry Test 545,Biochemistry,Blood,No,Varies,U/L,988,24 Hours,TRUE
546,Microbiology Test 546,Microbiology,Blood,Yes,Varies,%,3257,72 Hours,TRUE
547,Electrolytes Test 547,Electrolytes,Blood,No,Varies,IU/L,1124,Same Day,TRUE
548,Urine Analysis Test 548,Urine Analysis,Urine,No,Varies,U/L,2618,72 Hours,TRUE
549,Microbiology Test 549,Microbiology,Blood,No,Varies,ng/mL,2684,24 Hours,TRUE
550,Toxicology Test 550,Toxicology,Saliva,No,Varies,%,3096,Same Day,TRUE
551,Immunology Test 551,Immunology,Blood,No,Varies,mg/dL,1511,72 Hours,TRUE
552,Hematology Test 552,Hematology,Blood,Yes,Varies,-,443,24 Hours,TRUE
553,Microbiology Test 553,Microbiology,Blood,Yes,Varies,mg/dL,3054,48 Hours,TRUE
554,Hematology Test 554,Hematology,Blood,Yes,Varies,IU/L,1117,Same Day,TRUE
555,Cardiac Marker Test 555,Cardiac Marker,Blood,No,Varies,U/L,2788,Same Day,TRUE
556,Biochemistry Test 556,Biochemistry,Blood,Yes,Varies,mg/dL,2104,72 Hours,TRUE
557,Immunology Test 557,Immunology,Blood,Yes,Varies,IU/L,2726,Same Day,TRUE
558,Electrolytes Test 558,Electrolytes,Blood,No,Varies,%,208,Same Day,TRUE
559,Hematology Test 559,Hematology,Blood,Yes,Varies,mg/dL,1282,72 Hours,TRUE
560,Cardiac Marker Test 560,Cardiac Marker,Blood,No,Varies,IU/L,2554,48 Hours,TRUE
561,Urine Analysis Test 561,Urine Analysis,Urine,No,Varies,U/L,496,Same Day,TRUE
562,Biochemistry Test 562,Biochemistry,Blood,Yes,Varies,-,3451,Same Day,TRUE
563,Reproductive Test 563,Reproductive,Semen,Yes,Varies,IU/L,246,24 Hours,TRUE
564,Electrolytes Test 564,Electrolytes,Blood,Yes,Varies,ng/mL,1082,48 Hours,TRUE
565,Coagulation Test 565,Coagulation,Blood,Yes,Varies,%,1839,72 Hours,TRUE
566,Hormonal Test 566,Hormonal,Blood,No,Varies,mg/dL,787,24 Hours,TRUE
567,Cardiac Marker Test 567,Cardiac Marker,Blood,Yes,Varies,%,3400,24 Hours,TRUE
568,Microbiology Test 568,Microbiology,Blood,Yes,Varies,%,368,24 Hours,TRUE
569,Microbiology Test 569,Microbiology,Blood,No,Varies,%,1376,48 Hours,TRUE
570,Urine Analysis Test 570,Urine Analysis,Urine,No,Varies,ng/mL,3337,48 Hours,TRUE
571,Coagulation Test 571,Coagulation,Blood,No,Varies,-,1976,24 Hours,TRUE
572,Coagulation Test 572,Coagulation,Blood,No,Varies,%,955,24 Hours,TRUE
573,Hormonal Test 573,Hormonal,Blood,No,Varies,IU/L,2564,72 Hours,TRUE
574,Electrolytes Test 574,Electrolytes,Blood,No,Varies,ng/mL,2554,24 Hours,TRUE
575,Electrolytes Test 575,Electrolytes,Blood,Yes,Varies,-,2132,Same Day,TRUE
576,Electrolytes Test 576,Electrolytes,Blood,Yes,Varies,U/L,1948,48 Hours,TRUE
577,Urine Analysis Test 577,Urine Analysis,Urine,No,Varies,-,696,72 Hours,TRUE
578,Immunology Test 578,Immunology,Blood,Yes,Varies,-,2506,72 Hours,TRUE
579,Toxicology Test 579,Toxicology,Urine,No,Varies,-,2907,24 Hours,TRUE
580,Hematology Test 580,Hematology,Blood,Yes,Varies,%,2490,Same Day,TRUE
581,Toxicology Test 581,Toxicology,Saliva,Yes,Varies,U/L,3011,48 Hours,TRUE
582,Toxicology Test 582,Toxicology,Saliva,Yes,Varies,IU/L,987,48 Hours,TRUE
583,Electrolytes Test 583,Electrolytes,Blood,Yes,Varies,mg/dL,2565,24 Hours,TRUE
584,Hormonal Test 584,Hormonal,Blood,Yes,Varies,ng/mL,2344,48 Hours,TRUE
585,Microbiology Test 585,Microbiology,Blood,Yes,Varies,IU/L,1540,24 Hours,TRUE
586,Electrolytes Test 586,Electrolytes,Blood,Yes,Varies,U/L,623,48 Hours,TRUE
587,Microbiology Test 587,Microbiology,Blood,Yes,Varies,ng/mL,1517,72 Hours,TRUE
588,Coagulation Test 588,Coagulation,Blood,Yes,Varies,mg/dL,2962,Same Day,TRUE
589,Electrolytes Test 589,Electrolytes,Blood,Yes,Varies,mg/dL,2899,24 Hours,TRUE
590,Immunology Test 590,Immunology,Blood,No,Varies,-,3458,48 Hours,TRUE
591,Microbiology Test 591,Microbiology,Blood,No,Varies,-,1541,48 Hours,TRUE
592,Toxicology Test 592,Toxicology,Saliva,Yes,Varies,-,1606,72 Hours,TRUE
593,Reproductive Test 593,Reproductive,Semen,Yes,Varies,IU/L,3048,48 Hours,TRUE
594,Coagulation Test 594,Coagulation,Blood,Yes,Varies,-,1487,Same Day,TRUE
595,Cardiac Marker Test 595,Cardiac Marker,Blood,Yes,Varies,U/L,3269,72 Hours,TRUE
596,Immunology Test 596,Immunology,Blood,Yes,Varies,-,2763,24 Hours,TRUE
597,Hormonal Test 597,Hormonal,Blood,Yes,Varies,mg/dL,2655,48 Hours,TRUE
598,Electrolytes Test 598,Electrolytes,Blood,Yes,Varies,ng/mL,837,72 Hours,TRUE
599,Toxicology Test 599,Toxicology,Saliva,No,Varies,-,2704,24 Hours,TRUE
600,Toxicology Test 600,Toxicology,Urine,No,Varies,mg/dL,2873,Same Day,TRUE
601,Immunology Test 601,Immunology,Blood,No,Varies,mg/dL,1872,48 Hours,TRUE
602,Toxicology Test 602,Toxicology,Saliva,No,Varies,IU/L,3137,72 Hours,TRUE
603,Biochemistry Test 603,Biochemistry,Blood,Yes,Varies,IU/L,3080,48 Hours,TRUE
604,Coagulation Test 604,Coagulation,Blood,No,Varies,mg/dL,828,48 Hours,TRUE
605,Toxicology Test 605,Toxicology,Urine,No,Varies,mg/dL,1560,Same Day,TRUE
606,Toxicology Test 606,Toxicology,Urine,Yes,Varies,%,3075,Same Day,TRUE
607,Hematology Test 607,Hematology,Blood,Yes,Varies,IU/L,772,24 Hours,TRUE
608,Cardiac Marker Test 608,Cardiac Marker,Blood,No,Varies,ng/mL,1037,Same Day,TRUE
609,Cardiac Marker Test 609,Cardiac Marker,Blood,No,Varies,-,3431,Same Day,TRUE
610,Stool Analysis Test 610,Stool Analysis,Stool,No,Varies,ng/mL,2868,24 Hours,TRUE
611,Toxicology Test 611,Toxicology,Saliva,Yes,Varies,U/L,3264,48 Hours,TRUE
612,Toxicology Test 612,Toxicology,Saliva,Yes,Varies,IU/L,1837,48 Hours,TRUE
613,Biochemistry Test 613,Biochemistry,Blood,Yes,Varies,IU/L,1287,72 Hours,TRUE
614,Cardiac Marker Test 614,Cardiac Marker,Blood,No,Varies,IU/L,1281,72 Hours,TRUE
615,Coagulation Test 615,Coagulation,Blood,No,Varies,mg/dL,718,24 Hours,TRUE
616,Stool Analysis Test 616,Stool Analysis,Stool,No,Varies,mg/dL,3343,24 Hours,TRUE
617,Urine Analysis Test 617,Urine Analysis,Urine,No,Varies,mg/dL,316,Same Day,TRUE
618,Reproductive Test 618,Reproductive,Semen,Yes,Varies,mg/dL,3016,72 Hours,TRUE
619,Reproductive Test 619,Reproductive,Semen,Yes,Varies,ng/mL,2924,72 Hours,TRUE
620,Hormonal Test 620,Hormonal,Blood,No,Varies,U/L,2899,72 Hours,TRUE
621,Toxicology Test 621,Toxicology,Urine,No,Varies,ng/mL,3410,Same Day,TRUE
622,Tumor Marker Test 622,Tumor Marker,Blood,No,Varies,-,263,72 Hours,TRUE
623,Microbiology Test 623,Microbiology,Blood,No,Varies,IU/L,2721,24 Hours,TRUE
624,Tumor Marker Test 624,Tumor Marker,Blood,Yes,Varies,ng/mL,2259,72 Hours,TRUE
625,Toxicology Test 625,Toxicology,Urine,No,Varies,mg/dL,3202,48 Hours,TRUE
626,Tumor Marker Test 626,Tumor Marker,Blood,No,Varies,%,611,72 Hours,TRUE
627,Immunology Test 627,Immunology,Blood,Yes,Varies,ng/mL,1457,Same Day,TRUE
628,Hematology Test 628,Hematology,Blood,No,Varies,mg/dL,259,48 Hours,TRUE
629,Toxicology Test 629,Toxicology,Saliva,No,Varies,-,2998,Same Day,TRUE
630,Cardiac Marker Test 630,Cardiac Marker,Blood,Yes,Varies,ng/mL,2334,72 Hours,TRUE
631,Toxicology Test 631,Toxicology,Saliva,Yes,Varies,mg/dL,1850,Same Day,TRUE
632,Cardiac Marker Test 632,Cardiac Marker,Blood,Yes,Varies,ng/mL,3160,48 Hours,TRUE
633,Toxicology Test 633,Toxicology,Saliva,No,Varies,-,524,72 Hours,TRUE
634,Toxicology Test 634,Toxicology,Urine,No,Varies,ng/mL,1903,Same Day,TRUE
635,Hematology Test 635,Hematology,Blood,No,Varies,mg/dL,1759,72 Hours,TRUE
636,Urine Analysis Test 636,Urine Analysis,Urine,Yes,Varies,mg/dL,1993,48 Hours,TRUE
637,Stool Analysis Test 637,Stool Analysis,Stool,Yes,Varies,mg/dL,1304,72 Hours,TRUE
638,Reproductive Test 638,Reproductive,Semen,Yes,Varies,U/L,531,72 Hours,TRUE
639,Hormonal Test 639,Hormonal,Blood,Yes,Varies,IU/L,1822,24 Hours,TRUE
640,Electrolytes Test 640,Electrolytes,Blood,No,Varies,%,1192,72 Hours,TRUE
641,Coagulation Test 641,Coagulation,Blood,No,Varies,IU/L,456,72 Hours,TRUE
642,Hormonal Test 642,Hormonal,Blood,Yes,Varies,%,2998,72 Hours,TRUE
643,Cardiac Marker Test 643,Cardiac Marker,Blood,No,Varies,ng/mL,3418,72 Hours,TRUE
644,Stool Analysis Test 644,Stool Analysis,Stool,Yes,Varies,ng/mL,2867,72 Hours,TRUE
645,Biochemistry Test 645,Biochemistry,Blood,Yes,Varies,mg/dL,2670,72 Hours,TRUE
646,Tumor Marker Test 646,Tumor Marker,Blood,No,Varies,-,3329,Same Day,TRUE
647,Toxicology Test 647,Toxicology,Urine,Yes,Varies,IU/L,434,24 Hours,TRUE
648,Biochemistry Test 648,Biochemistry,Blood,Yes,Varies,%,3001,72 Hours,TRUE
649,Coagulation Test 649,Coagulation,Blood,No,Varies,%,2582,48 Hours,TRUE
650,Cardiac Marker Test 650,Cardiac Marker,Blood,Yes,Varies,mg/dL,2892,48 Hours,TRUE
651,Biochemistry Test 651,Biochemistry,Blood,Yes,Varies,IU/L,2398,48 Hours,TRUE
652,Electrolytes Test 652,Electrolytes,Blood,No,Varies,-,2188,48 Hours,TRUE
653,Coagulation Test 653,Coagulation,Blood,Yes,Varies,U/L,3470,48 Hours,TRUE
654,Toxicology Test 654,Toxicology,Urine,Yes,Varies,mg/dL,1914,72 Hours,TRUE
655,Electrolytes Test 655,Electrolytes,Blood,No,Varies,IU/L,361,72 Hours,TRUE
656,Stool Analysis Test 656,Stool Analysis,Stool,No,Varies,IU/L,223,24 Hours,TRUE
657,Cardiac Marker Test 657,Cardiac Marker,Blood,No,Varies,mg/dL,1518,Same Day,TRUE
658,Immunology Test 658,Immunology,Blood,Yes,Varies,IU/L,2163,24 Hours,TRUE
659,Cardiac Marker Test 659,Cardiac Marker,Blood,Yes,Varies,%,3440,72 Hours,TRUE
660,Toxicology Test 660,Toxicology,Urine,No,Varies,IU/L,2214,72 Hours,TRUE
661,Microbiology Test 661,Microbiology,Blood,No,Varies,mg/dL,412,48 Hours,TRUE
662,Electrolytes Test 662,Electrolytes,Blood,No,Varies,-,2407,72 Hours,TRUE
663,Cardiac Marker Test 663,Cardiac Marker,Blood,No,Varies,IU/L,383,72 Hours,TRUE
664,Cardiac Marker Test 664,Cardiac Marker,Blood,Yes,Varies,-,1826,48 Hours,TRUE
665,Reproductive Test 665,Reproductive,Semen,No,Varies,mg/dL,752,Same Day,TRUE
666,Hematology Test 666,Hematology,Blood,Yes,Varies,%,3458,Same Day,TRUE
667,Reproductive Test 667,Reproductive,Semen,No,Varies,IU/L,577,24 Hours,TRUE
668,Cardiac Marker Test 668,Cardiac Marker,Blood,Yes,Varies,-,3172,Same Day,TRUE
669,Stool Analysis Test 669,Stool Analysis,Stool,Yes,Varies,IU/L,2515,Same Day,TRUE
670,Biochemistry Test 670,Biochemistry,Blood,Yes,Varies,IU/L,2702,Same Day,TRUE
671,Electrolytes Test 671,Electrolytes,Blood,No,Varies,ng/mL,2953,Same Day,TRUE
672,Toxicology Test 672,Toxicology,Saliva,Yes,Varies,mg/dL,3205,24 Hours,TRUE
673,Biochemistry Test 673,Biochemistry,Blood,Yes,Varies,IU/L,1548,Same Day,TRUE
674,Hormonal Test 674,Hormonal,Blood,Yes,Varies,mg/dL,2698,Same Day,TRUE
675,Hormonal Test 675,Hormonal,Blood,Yes,Varies,U/L,658,48 Hours,TRUE
676,Coagulation Test 676,Coagulation,Blood,No,Varies,IU/L,2873,72 Hours,TRUE
677,Reproductive Test 677,Reproductive,Semen,No,Varies,mg/dL,2053,24 Hours,TRUE
678,Immunology Test 678,Immunology,Blood,No,Varies,IU/L,1641,72 Hours,TRUE
679,Immunology Test 679,Immunology,Blood,Yes,Varies,%,3279,24 Hours,TRUE
680,Tumor Marker Test 680,Tumor Marker,Blood,Yes,Varies,mg/dL,670,24 Hours,TRUE
681,Electrolytes Test 681,Electrolytes,Blood,No,Varies,mg/dL,546,Same Day,TRUE
682,Toxicology Test 682,Toxicology,Urine,Yes,Varies,mg/dL,643,48 Hours,TRUE
683,Microbiology Test 683,Microbiology,Blood,No,Varies,IU/L,2255,48 Hours,TRUE
684,Toxicology Test 684,Toxicology,Urine,No,Varies,-,2563,Same Day,TRUE
685,Cardiac Marker Test 685,Cardiac Marker,Blood,Yes,Varies,ng/mL,3081,72 Hours,TRUE
686,Urine Analysis Test 686,Urine Analysis,Urine,Yes,Varies,ng/mL,641,24 Hours,TRUE
687,Coagulation Test 687,Coagulation,Blood,No,Varies,-,1764,Same Day,TRUE
688,Toxicology Test 688,Toxicology,Urine,Yes,Varies,U/L,2796,24 Hours,TRUE
689,Toxicology Test 689,Toxicology,Saliva,No,Varies,IU/L,1019,Same Day,TRUE
690,Electrolytes Test 690,Electrolytes,Blood,No,Varies,%,2339,48 Hours,TRUE
691,Electrolytes Test 691,Electrolytes,Blood,Yes,Varies,-,1653,24 Hours,TRUE
692,Toxicology Test 692,Toxicology,Saliva,No,Varies,IU/L,3128,72 Hours,TRUE
693,Hematology Test 693,Hematology,Blood,Yes,Varies,-,631,72 Hours,TRUE
694,Urine Analysis Test 694,Urine Analysis,Urine,No,Varies,IU/L,750,Same Day,TRUE
695,Immunology Test 695,Immunology,Blood,No,Varies,%,2619,Same Day,TRUE
696,Immunology Test 696,Immunology,Blood,Yes,Varies,IU/L,1136,Same Day,TRUE
697,Tumor Marker Test 697,Tumor Marker,Blood,No,Varies,IU/L,2905,Same Day,TRUE
698,Hematology Test 698,Hematology,Blood,No,Varies,mg/dL,1014,48 Hours,TRUE
699,Cardiac Marker Test 699,Cardiac Marker,Blood,Yes,Varies,-,2940,24 Hours,TRUE
700,Coagulation Test 700,Coagulation,Blood,Yes,Varies,%,3494,24 Hours,TRUE
701,Cardiac Marker Test 701,Cardiac Marker,Blood,Yes,Varies,-,2545,24 Hours,TRUE
702,Hematology Test 702,Hematology,Blood,Yes,Varies,-,1018,48 Hours,TRUE
703,Cardiac Marker Test 703,Cardiac Marker,Blood,No,Varies,-,2150,Same Day,TRUE
704,Cardiac Marker Test 704,Cardiac Marker,Blood,No,Varies,-,1843,72 Hours,TRUE
705,Coagulation Test 705,Coagulation,Blood,No,Varies,-,2270,24 Hours,TRUE
706,Reproductive Test 706,Reproductive,Semen,No,Varies,%,3003,24 Hours,TRUE
707,Toxicology Test 707,Toxicology,Urine,Yes,Varies,U/L,2919,48 Hours,TRUE
708,Microbiology Test 708,Microbiology,Blood,No,Varies,-,1449,Same Day,TRUE
709,Coagulation Test 709,Coagulation,Blood,No,Varies,ng/mL,2906,24 Hours,TRUE
710,Biochemistry Test 710,Biochemistry,Blood,Yes,Varies,-,1855,Same Day,TRUE
711,Cardiac Marker Test 711,Cardiac Marker,Blood,No,Varies,IU/L,2032,48 Hours,TRUE
712,Immunology Test 712,Immunology,Blood,Yes,Varies,%,977,48 Hours,TRUE
713,Toxicology Test 713,Toxicology,Urine,No,Varies,ng/mL,3041,48 Hours,TRUE
714,Toxicology Test 714,Toxicology,Urine,No,Varies,%,1630,Same Day,TRUE
715,Microbiology Test 715,Microbiology,Blood,Yes,Varies,U/L,1981,24 Hours,TRUE
716,Cardiac Marker Test 716,Cardiac Marker,Blood,No,Varies,ng/mL,696,48 Hours,TRUE
717,Biochemistry Test 717,Biochemistry,Blood,Yes,Varies,ng/mL,1648,72 Hours,TRUE
718,Toxicology Test 718,Toxicology,Saliva,No,Varies,mg/dL,1672,48 Hours,TRUE
719,Immunology Test 719,Immunology,Blood,No,Varies,%,2865,48 Hours,TRUE
720,Stool Analysis Test 720,Stool Analysis,Stool,Yes,Varies,ng/mL,2235,Same Day,TRUE
721,Reproductive Test 721,Reproductive,Semen,No,Varies,mg/dL,323,Same Day,TRUE
722,Toxicology Test 722,Toxicology,Saliva,No,Varies,U/L,660,48 Hours,TRUE
723,Toxicology Test 723,Toxicology,Urine,Yes,Varies,U/L,1058,48 Hours,TRUE
724,Hormonal Test 724,Hormonal,Blood,No,Varies,%,2227,Same Day,TRUE
725,Tumor Marker Test 725,Tumor Marker,Blood,No,Varies,mg/dL,1792,72 Hours,TRUE
726,Tumor Marker Test 726,Tumor Marker,Blood,Yes,Varies,%,1423,Same Day,TRUE
727,Hormonal Test 727,Hormonal,Blood,No,Varies,mg/dL,2974,Same Day,TRUE
728,Stool Analysis Test 728,Stool Analysis,Stool,Yes,Varies,%,3309,48 Hours,TRUE
729,Electrolytes Test 729,Electrolytes,Blood,No,Varies,U/L,262,48 Hours,TRUE
730,Biochemistry Test 730,Biochemistry,Blood,Yes,Varies,%,3256,24 Hours,TRUE
731,Urine Analysis Test 731,Urine Analysis,Urine,No,Varies,%,525,24 Hours,TRUE
732,Reproductive Test 732,Reproductive,Semen,No,Varies,ng/mL,2844,24 Hours,TRUE
733,Stool Analysis Test 733,Stool Analysis,Stool,No,Varies,ng/mL,1397,24 Hours,TRUE
734,Toxicology Test 734,Toxicology,Urine,Yes,Varies,IU/L,1363,48 Hours,TRUE
735,Electrolytes Test 735,Electrolytes,Blood,Yes,Varies,IU/L,2477,72 Hours,TRUE
736,Toxicology Test 736,Toxicology,Saliva,Yes,Varies,-,419,Same Day,TRUE
737,Toxicology Test 737,Toxicology,Urine,No,Varies,ng/mL,658,72 Hours,TRUE
738,Tumor Marker Test 738,Tumor Marker,Blood,No,Varies,-,3148,Same Day,TRUE
739,Biochemistry Test 739,Biochemistry,Blood,No,Varies,U/L,2585,72 Hours,TRUE
740,Microbiology Test 740,Microbiology,Blood,Yes,Varies,-,1134,Same Day,TRUE
741,Electrolytes Test 741,Electrolytes,Blood,Yes,Varies,IU/L,1514,Same Day,TRUE
742,Electrolytes Test 742,Electrolytes,Blood,No,Varies,mg/dL,3212,24 Hours,TRUE
743,Toxicology Test 743,Toxicology,Saliva,No,Varies,%,807,Same Day,TRUE
744,Toxicology Test 744,Toxicology,Saliva,Yes,Varies,U/L,1503,Same Day,TRUE
745,Reproductive Test 745,Reproductive,Semen,Yes,Varies,-,2767,48 Hours,TRUE
746,Toxicology Test 746,Toxicology,Saliva,Yes,Varies,mg/dL,1445,48 Hours,TRUE
747,Hematology Test 747,Hematology,Blood,Yes,Varies,U/L,2633,Same Day,TRUE
748,Microbiology Test 748,Microbiology,Blood,Yes,Varies,ng/mL,208,72 Hours,TRUE
749,Toxicology Test 749,Toxicology,Urine,No,Varies,%,386,24 Hours,TRUE
750,Tumor Marker Test 750,Tumor Marker,Blood,No,Varies,mg/dL,452,Same Day,TRUE
751,Hormonal Test 751,Hormonal,Blood,No,Varies,IU/L,867,72 Hours,TRUE
752,Hematology Test 752,Hematology,Blood,Yes,Varies,IU/L,1870,48 Hours,TRUE
753,Urine Analysis Test 753,Urine Analysis,Urine,Yes,Varies,mg/dL,1154,72 Hours,TRUE
754,Microbiology Test 754,Microbiology,Blood,No,Varies,mg/dL,3454,Same Day,TRUE
755,Cardiac Marker Test 755,Cardiac Marker,Blood,No,Varies,U/L,2788,72 Hours,TRUE
756,Urine Analysis Test 756,Urine Analysis,Urine,No,Varies,IU/L,1018,72 Hours,TRUE
757,Toxicology Test 757,Toxicology,Saliva,No,Varies,%,2215,48 Hours,TRUE
758,Microbiology Test 758,Microbiology,Blood,No,Varies,U/L,2417,48 Hours,TRUE
759,Microbiology Test 759,Microbiology,Blood,Yes,Varies,U/L,1866,72 Hours,TRUE
760,Stool Analysis Test 760,Stool Analysis,Stool,No,Varies,-,1067,24 Hours,TRUE
761,Tumor Marker Test 761,Tumor Marker,Blood,Yes,Varies,-,406,72 Hours,TRUE
762,Immunology Test 762,Immunology,Blood,Yes,Varies,IU/L,1077,72 Hours,TRUE
763,Immunology Test 763,Immunology,Blood,Yes,Varies,mg/dL,1300,Same Day,TRUE
764,Toxicology Test 764,Toxicology,Urine,No,Varies,ng/mL,1091,48 Hours,TRUE
765,Cardiac Marker Test 765,Cardiac Marker,Blood,No,Varies,IU/L,2092,24 Hours,TRUE
766,Cardiac Marker Test 766,Cardiac Marker,Blood,No,Varies,U/L,548,72 Hours,TRUE
767,Reproductive Test 767,Reproductive,Semen,No,Varies,U/L,1974,Same Day,TRUE
768,Electrolytes Test 768,Electrolytes,Blood,Yes,Varies,mg/dL,2910,Same Day,TRUE
769,Coagulation Test 769,Coagulation,Blood,Yes,Varies,-,210,72 Hours,TRUE
770,Hematology Test 770,Hematology,Blood,No,Varies,U/L,966,Same Day,TRUE
771,Cardiac Marker Test 771,Cardiac Marker,Blood,Yes,Varies,U/L,1623,72 Hours,TRUE
772,Stool Analysis Test 772,Stool Analysis,Stool,No,Varies,ng/mL,2377,72 Hours,TRUE
773,Cardiac Marker Test 773,Cardiac Marker,Blood,Yes,Varies,U/L,342,Same Day,TRUE
774,Toxicology Test 774,Toxicology,Urine,Yes,Varies,IU/L,2369,72 Hours,TRUE
775,Coagulation Test 775,Coagulation,Blood,No,Varies,IU/L,2660,48 Hours,TRUE
776,Toxicology Test 776,Toxicology,Saliva,Yes,Varies,mg/dL,888,24 Hours,TRUE
777,Toxicology Test 777,Toxicology,Saliva,No,Varies,IU/L,1060,48 Hours,TRUE
778,Microbiology Test 778,Microbiology,Blood,No,Varies,ng/mL,3093,48 Hours,TRUE
779,Hematology Test 779,Hematology,Blood,No,Varies,U/L,2502,48 Hours,TRUE
780,Toxicology Test 780,Toxicology,Urine,Yes,Varies,U/L,3118,72 Hours,TRUE
781,Coagulation Test 781,Coagulation,Blood,No,Varies,%,2062,48 Hours,TRUE
782,Stool Analysis Test 782,Stool Analysis,Stool,Yes,Varies,%,960,72 Hours,TRUE
783,Cardiac Marker Test 783,Cardiac Marker,Blood,Yes,Varies,U/L,1086,72 Hours,TRUE
784,Hormonal Test 784,Hormonal,Blood,No,Varies,%,1529,72 Hours,TRUE
785,Tumor Marker Test 785,Tumor Marker,Blood,No,Varies,ng/mL,1302,24 Hours,TRUE
786,Toxicology Test 786,Toxicology,Saliva,No,Varies,U/L,3019,Same Day,TRUE
787,Hormonal Test 787,Hormonal,Blood,Yes,Varies,U/L,1946,48 Hours,TRUE
788,Reproductive Test 788,Reproductive,Semen,No,Varies,%,2782,24 Hours,TRUE
789,Hormonal Test 789,Hormonal,Blood,Yes,Varies,-,316,48 Hours,TRUE
790,Electrolytes Test 790,Electrolytes,Blood,No,Varies,-,1952,72 Hours,TRUE
791,Electrolytes Test 791,Electrolytes,Blood,Yes,Varies,mg/dL,1648,Same Day,TRUE
792,Cardiac Marker Test 792,Cardiac Marker,Blood,No,Varies,mg/dL,437,72 Hours,TRUE
793,Urine Analysis Test 793,Urine Analysis,Urine,Yes,Varies,ng/mL,2953,48 Hours,TRUE
794,Toxicology Test 794,Toxicology,Urine,No,Varies,%,721,Same Day,TRUE
795,Electrolytes Test 795,Electrolytes,Blood,No,Varies,ng/mL,324,48 Hours,TRUE
796,Electrolytes Test 796,Electrolytes,Blood,No,Varies,U/L,2399,Same Day,TRUE
797,Stool Analysis Test 797,Stool Analysis,Stool,No,Varies,-,2298,72 Hours,TRUE
798,Coagulation Test 798,Coagulation,Blood,Yes,Varies,-,1974,Same Day,TRUE
799,Toxicology Test 799,Toxicology,Saliva,Yes,Varies,U/L,2919,24 Hours,TRUE
800,Stool Analysis Test 800,Stool Analysis,Stool,No,Varies,-,2455,24 Hours,TRUE
